ID,prediction
28800,-0.8516681729937399
28801,-0.1589690741224567
28802,-0.7502272648048227
