ID,prediction
28800,1.4800513
28801,91.412415
28802,5.1917424
