{"duration": 0.03893303871154785, "input_args": {"train_data": "      hla_high_res_8  graft_type hla_high_res_10  prod_type  age_at_hct  hla_match_drb1_high  efs\n0                NaN         0.0             NaN        0.0    9.942000                  2.0  0.0\n1                8.0         1.0            10.0        1.0   43.705002                  2.0  1.0\n2                8.0         0.0            10.0        0.0   33.997002                  2.0  0.0\n3                8.0         0.0            10.0        0.0   43.244999                  2.0  0.0\n4                8.0         1.0            10.0        1.0   29.740000                  2.0  0.0\n...              ...         ...             ...        ...         ...                  ...  ...\n28795            8.0         1.0            10.0        1.0   51.136002                  2.0  0.0\n28796            4.0         1.0             6.0        1.0   18.075001                  1.0  1.0\n28797            8.0         1.0            10.0        1.0   51.005001                  2.0  0.0\n28798            4.0         1.0             5.0        1.0    0.044000                  1.0  0.0\n28799            8.0         0.0            10.0        0.0    1.035000                  2.0  0.0\n\n[28800 rows x 7 columns]"}, "time": 1739571564.4065864}